L,par,custo_gulosa,tempo_gulosa_s,estados_gulosa,custo_bfs,tempo_bfs_s,estados_expandidos_bfs,ops_geradas_bfs
2,0,1,1.3665999999190603e-05,1,1,7.124999999774673e-06,1,2
2,1,0,6.457999999653907e-06,0,0,0.0,0,0
2,2,1,1.0375000000450996e-05,1,1,3.250000000676323e-06,1,2
2,3,0,5.5420000002470715e-06,0,0,0.0,0,0
2,4,0,5.249999999179522e-06,0,0,0.0,0,0
2,5,1,9.500000000883801e-06,1,1,2.333000001186747e-06,1,2
2,6,1,1.0374999998674639e-05,1,1,2.000000000279556e-06,1,1
2,7,1,9.834000000097376e-06,1,1,1.9590000004399144e-06,1,1
2,8,1,9.208999999898992e-06,1,1,1.958000000357174e-06,1,2
2,9,1,9.707999998553873e-06,1,1,1.8330000006727687e-06,1,1
4,0,1,9.45800000096142e-06,1,1,4.417000001311067e-06,1,9
4,1,1,9.125000000054229e-06,1,1,3.249999998899966e-06,1,3
4,2,1,9.16599999989387e-06,1,1,3.666999999651921e-06,1,6
4,3,0,5.125000001271474e-06,0,0,0.0,0,0
4,4,1,9.667000000490589e-06,1,1,4.041000000398753e-06,1,10
4,5,2,1.5749999999314923e-05,2,2,8.208000000564653e-06,6,15
4,6,1,9.333000001277014e-06,1,1,3.7080000012679193e-06,1,7
4,7,1,9.207999999816252e-06,1,1,2.9579999996087736e-06,1,2
4,8,2,1.4624999998602561e-05,2,2,4.750000000441901e-06,2,11
4,9,2,1.387500000049613e-05,2,2,4.6669999989035205e-06,2,12
8,0,3,1.8499999999477268e-05,3,3,9.59169999994458e-05,45,190
8,1,2,1.4708999998447325e-05,2,2,2.9958000000718243e-05,10,105
8,2,3,1.8709000000782794e-05,3,3,0.00016624999999947931,94,223
8,3,3,1.8792000000544817e-05,3,3,7.887499999981173e-05,39,175
8,4,3,1.912499999967565e-05,3,3,7.712500000067735e-05,38,170
8,5,2,1.4082999999942558e-05,2,2,6.025000000065006e-05,28,160
8,6,4,2.3542000000986718e-05,4,4,0.00027349999999870533,164,248
8,7,1,9.333000001277014e-06,1,1,1.000000000139778e-05,1,35
8,8,2,1.3291999998443771e-05,2,2,5.400000000044258e-05,24,155
8,9,2,1.3916000000335771e-05,2,2,1.2708999999944126e-05,2,48
16,0,3,1.94170000007432e-05,3,3,0.0012511249999995755,138,2576
16,1,5,3.033299999977146e-05,5,5,0.21492391700000013,31977,55436
16,2,4,3.754200000116725e-05,4,4,0.0588829999999998,8161,30415
16,3,5,3.687500000104649e-05,5,5,0.107343792,15655,41157
16,4,5,3.841600000065171e-05,5,5,0.10757825000000132,15639,41118
16,5,3,2.6000000000081513e-05,3,3,0.0030753749999998803,351,5252
16,6,4,2.5042000000752296e-05,4,4,0.03421345900000006,4444,22269
16,7,4,2.6791999999886684e-05,4,4,0.07688300000000048,10907,35264
16,8,5,4.312499999770125e-05,5,5,0.11609658300000092,16990,43027
16,9,4,3.179199999792104e-05,4,4,0.025991417000000183,3334,18935
32,0,7,4.7374999997629175e-05,7,,,,
32,1,7,4.237499999959482e-05,7,,,,
32,2,7,4.016700000164519e-05,7,,,,
32,3,5,2.8624999998783096e-05,5,,,,
32,4,8,4.695799999865358e-05,8,,,,
32,5,8,4.5541000002202736e-05,8,,,,
32,6,9,5.16249999975571e-05,9,,,,
32,7,10,5.533300000237773e-05,10,,,,
32,8,10,5.39169999989042e-05,10,,,,
32,9,8,4.262499999896363e-05,8,,,,
64,0,19,0.000127917000000366,19,,,,
64,1,20,0.0001294999999998936,20,,,,
64,2,18,0.00010958299999686005,18,,,,
64,3,15,8.700000000061436e-05,15,,,,
64,4,16,9.441699999968023e-05,16,,,,
64,5,15,8.779100000211315e-05,15,,,,
64,6,17,0.00010158299999929454,17,,,,
64,7,20,0.00012445800000193685,20,,,,
64,8,13,7.37909999983799e-05,13,,,,
64,9,15,8.716700000022115e-05,15,,,,
128,0,33,0.00025670799999844007,33,,,,
128,1,31,0.00022741600000131257,31,,,,
128,2,35,0.00028170899999935273,35,,,,
128,3,36,0.0003096669999997914,36,,,,
128,4,30,0.00023149999999816373,30,,,,
128,5,31,0.000244417000001107,31,,,,
128,6,32,0.00025137499999772217,32,,,,
128,7,36,0.0002889169999988894,36,,,,
128,8,36,0.0002624580000016863,36,,,,
128,9,32,0.00022208299999704195,32,,,,
256,0,62,0.0006089160000009031,62,,,,
256,1,65,0.0007088340000009907,65,,,,
256,2,68,0.0007539590000007479,68,,,,
256,3,66,0.0007153749999986303,66,,,,
256,4,67,0.0007058330000013768,67,,,,
256,5,59,0.0005560409999993965,59,,,,
256,6,63,0.0006635420000016268,63,,,,
256,7,60,0.000610541000000353,60,,,,
256,8,64,0.0006792920000009417,64,,,,
256,9,68,0.000707750000000118,68,,,,
512,0,141,0.0027024999999980537,141,,,,
512,1,125,0.0021543749999999307,125,,,,
512,2,132,0.002360041999999396,132,,,,
512,3,135,0.002482709000002359,135,,,,
512,4,137,0.0025835419999999942,137,,,,
512,5,123,0.0020725410000004274,123,,,,
512,6,120,0.0020131250000012813,120,,,,
512,7,133,0.0024217920000033644,133,,,,
512,8,123,0.002120957999999007,123,,,,
512,9,127,0.002228250000001708,127,,,,
1024,0,251,0.007720916000000244,251,,,,
1024,1,242,0.007320625000001968,242,,,,
1024,2,249,0.007641541000001695,249,,,,
1024,3,261,0.008311582999997569,261,,,,
1024,4,261,0.00830420900000206,261,,,,
1024,5,245,0.007453166999997762,245,,,,
1024,6,271,0.00887537500000235,271,,,,
1024,7,262,0.008353875000000954,262,,,,
1024,8,252,0.007762041999999525,252,,,,
1024,9,252,0.007762291999998894,252,,,,
2048,0,515,0.02999295799999757,515,,,,
2048,1,499,0.028248042000001305,499,,,,
2048,2,520,0.03050404100000037,520,,,,
2048,3,494,0.02785104200000177,494,,,,
2048,4,494,0.02770937500000059,494,,,,
2048,5,501,0.028375000000000483,501,,,,
2048,6,515,0.0298669579999995,515,,,,
2048,7,503,0.02862700000000018,503,,,,
2048,8,506,0.029006708000000714,506,,,,
2048,9,512,0.02956641699999807,512,,,,
4096,0,1030,0.11514858299999986,1030,,,,
4096,1,1027,0.1177520410000028,1027,,,,
4096,2,1016,0.11403429199999948,1016,,,,
4096,3,1008,0.11249570900000094,1008,,,,
4096,4,991,0.10882108299999871,991,,,,
4096,5,1025,0.11572562499999961,1025,,,,
4096,6,1001,0.11089550000000159,1001,,,,
4096,7,1029,0.1167669999999994,1029,,,,
4096,8,1019,0.11472091699999964,1019,,,,
4096,9,1035,0.11793458400000034,1035,,,,
